{"cameraMode":{"drawMode":0,"name":"Shaded","section":"Shading Mode"},"sceneLighting":true,"audioPlay":false,"sceneViewState":{"showFog":false,"showMaterialUpdate":false,"showSkybox":false,"showFlares":false,"showImageEffects":false,"showParticleSystems":false},"in2DMode":false,"pivot":{"x":0.873046875,"y":0.9775146842002869,"z":5.065363883972168},"rotation":{"x":0.24571199715137483,"y":0.12808668613433839,"z":-0.032774269580841067,"w":0.9602839350700378},"size":14.385666847229004,"orthographic":true}