{"cameraMode":{"drawMode":0,"name":"Shaded","section":"Shading Mode"},"sceneLighting":true,"audioPlay":false,"sceneViewState":{"showFog":false,"showMaterialUpdate":false,"showSkybox":false,"showFlares":false,"showImageEffects":false,"showParticleSystems":false},"in2DMode":false,"pivot":{"x":21.71142578125,"y":-0.5185546875,"z":-95.1923828125},"rotation":{"x":-0.004895512945950031,"y":0.9945737719535828,"z":-0.08824645727872849,"w":-0.05487839877605438},"size":9.774968147277832,"orthographic":true}