{"cameraMode":{"drawMode":0,"name":"Shaded","section":"Shading Mode"},"sceneLighting":true,"audioPlay":false,"sceneViewState":{"showFog":false,"showMaterialUpdate":false,"showSkybox":false,"showFlares":false,"showImageEffects":false,"showParticleSystems":false},"in2DMode":false,"pivot":{"x":-1.654296875,"y":8.13330078125,"z":-3.291748046875},"rotation":{"x":-0.003394395811483264,"y":0.9662033319473267,"z":-0.25744277238845827,"w":-0.012758511118590832},"size":10.103500366210938,"orthographic":true}