{"cameraMode":{"drawMode":0,"name":"Shaded","section":"Shading Mode"},"sceneLighting":true,"audioPlay":false,"sceneViewState":{"showFog":false,"showMaterialUpdate":false,"showSkybox":false,"showFlares":false,"showImageEffects":false,"showParticleSystems":false},"in2DMode":false,"pivot":{"x":88.29576110839844,"y":-47.53596496582031,"z":336.7234191894531},"rotation":{"x":-0.14407306909561158,"y":0.8215070366859436,"z":-0.49784451723098757,"w":-0.2377394586801529},"size":74.87290954589844,"orthographic":false}