{"cameraMode":{"drawMode":0,"name":"Shaded","section":"Shading Mode"},"sceneLighting":true,"audioPlay":false,"sceneViewState":{"showFog":false,"showMaterialUpdate":false,"showSkybox":false,"showFlares":false,"showImageEffects":false,"showParticleSystems":false},"in2DMode":false,"pivot":{"x":2.204500198364258,"y":5.985500335693359,"z":5.479499340057373},"rotation":{"x":-0.03409677743911743,"y":0.6789233684539795,"z":-0.03159266710281372,"w":-0.7327362298965454},"size":23.413877487182618,"orthographic":true}