{"cameraMode":{"drawMode":0,"name":"Shaded","section":"Shading Mode"},"sceneLighting":false,"audioPlay":false,"sceneViewState":{"showFog":false,"showMaterialUpdate":false,"showSkybox":false,"showFlares":false,"showImageEffects":false,"showParticleSystems":false},"in2DMode":false,"pivot":{"x":-0.5493514537811279,"y":2.36983323097229,"z":-4.476024150848389},"rotation":{"x":-0.053562384098768237,"y":0.8612320423126221,"z":-0.09285009652376175,"w":-0.4967789053916931},"size":2.5777475833892824,"orthographic":true}