{"cameraMode":{"drawMode":0,"name":"Shaded","section":"Shading Mode"},"sceneLighting":true,"audioPlay":false,"sceneViewState":{"showFog":false,"showMaterialUpdate":false,"showSkybox":false,"showFlares":false,"showImageEffects":false,"showParticleSystems":false},"in2DMode":false,"pivot":{"x":44.478515625,"y":2.9599609375,"z":16.482177734375},"rotation":{"x":0.0574520006775856,"y":-0.7660831809043884,"z":0.06911556422710419,"w":0.6364266276359558},"size":10.832486152648926,"orthographic":true}