{"cameraMode":{"drawMode":0,"name":"Shaded","section":"Shading Mode"},"sceneLighting":true,"audioPlay":false,"sceneViewState":{"showFog":true,"showMaterialUpdate":true,"showSkybox":true,"showFlares":true,"showImageEffects":true,"showParticleSystems":true},"in2DMode":false,"pivot":{"x":41.60653305053711,"y":28.167007446289064,"z":-22.453203201293947},"rotation":{"x":-0.36432474851608279,"y":0.21576932072639466,"z":-0.08727823942899704,"w":-0.9017170071601868},"size":224.47244262695313,"orthographic":true}