{"cameraMode":{"drawMode":0,"name":"Shaded","section":"Shading Mode"},"sceneLighting":false,"audioPlay":false,"sceneViewState":{"showFog":true,"showMaterialUpdate":false,"showSkybox":false,"showFlares":true,"showImageEffects":true,"showParticleSystems":true},"in2DMode":false,"pivot":{"x":-0.163055419921875,"y":1.120361328125,"z":-2.842041015625},"rotation":{"x":0.139473095536232,"y":0.521043598651886,"z":-0.0867517814040184,"w":0.8375768065452576},"size":1.9583280086517335,"orthographic":true}