{"cameraMode":{"drawMode":0,"name":"Shaded","section":"Shading Mode"},"sceneLighting":true,"audioPlay":false,"sceneViewState":{"showFog":false,"showMaterialUpdate":false,"showSkybox":false,"showFlares":false,"showImageEffects":false,"showParticleSystems":false},"in2DMode":false,"pivot":{"x":68.7127685546875,"y":-170.9562530517578,"z":39.85980224609375},"rotation":{"x":-0.14773179590702058,"y":0.8328536152839661,"z":-0.26616859436035159,"w":-0.46226009726524355},"size":653.229248046875,"orthographic":false}