{"cameraMode":{"drawMode":0,"name":"Shaded","section":"Shading Mode"},"sceneLighting":true,"audioPlay":false,"sceneViewState":{"showFog":false,"showMaterialUpdate":false,"showSkybox":false,"showFlares":false,"showImageEffects":false,"showParticleSystems":false},"in2DMode":false,"pivot":{"x":29.925094604492189,"y":13.1597900390625,"z":95.56710052490235},"rotation":{"x":0.28044164180755618,"y":0.3888193964958191,"z":-0.12554174661636353,"w":0.8685685396194458},"size":200.22718811035157,"orthographic":false}