{"cameraMode":{"drawMode":0,"name":"Shaded","section":"Shading Mode"},"sceneLighting":true,"audioPlay":false,"sceneViewState":{"showFog":false,"showMaterialUpdate":false,"showSkybox":false,"showFlares":false,"showImageEffects":false,"showParticleSystems":false},"in2DMode":false,"pivot":{"x":45.87109375,"y":1.806884765625,"z":9.873046875},"rotation":{"x":0.027631275355815889,"y":-0.9103109240531921,"z":0.061526473611593249,"w":0.40839335322380068},"size":10.832486152648926,"orthographic":true}