{"cameraMode":{"drawMode":0,"name":"Shaded","section":"Shading Mode"},"sceneLighting":false,"audioPlay":false,"sceneViewState":{"showFog":false,"showMaterialUpdate":false,"showSkybox":false,"showFlares":false,"showImageEffects":false,"showParticleSystems":false},"in2DMode":false,"pivot":{"x":-19.913211822509767,"y":-3.5533275604248049,"z":-6.134523391723633},"rotation":{"x":-0.13762487471103669,"y":0.8005870580673218,"z":-0.20129619538784028,"w":-0.5473570227622986},"size":53.57676696777344,"orthographic":false}