{"cameraMode":{"drawMode":0,"name":"Shaded","section":"Shading Mode"},"sceneLighting":true,"audioPlay":false,"sceneViewState":{"showFog":false,"showMaterialUpdate":false,"showSkybox":false,"showFlares":false,"showImageEffects":false,"showParticleSystems":false},"in2DMode":false,"pivot":{"x":449.710205078125,"y":-51.001094818115237,"z":92.01744079589844},"rotation":{"x":0.33442187309265139,"y":0.40721240639686587,"z":-0.16327154636383058,"w":0.8340758085250855},"size":153.5643310546875,"orthographic":false}