{"cameraMode":{"drawMode":0,"name":"Shaded","section":"Shading Mode"},"sceneLighting":true,"audioPlay":false,"sceneViewState":{"showFog":false,"showMaterialUpdate":false,"showSkybox":false,"showFlares":false,"showImageEffects":false,"showParticleSystems":false},"in2DMode":false,"pivot":{"x":537.3436889648438,"y":311.6956787109375,"z":111.32940673828125},"rotation":{"x":-0.004815804306417704,"y":-0.006587380077689886,"z":0.000031415507692145184,"w":-0.9999667406082153},"size":767.9926147460938,"orthographic":false}