{"cameraMode":{"drawMode":0,"name":"Shaded","section":"Shading Mode"},"sceneLighting":true,"audioPlay":false,"sceneViewState":{"showFog":false,"showMaterialUpdate":false,"showSkybox":false,"showFlares":false,"showImageEffects":false,"showParticleSystems":false},"in2DMode":false,"pivot":{"x":0.873046875,"y":0.9775146842002869,"z":5.065363883972168},"rotation":{"x":0.1711922585964203,"y":0.23025965690612794,"z":-0.04118700698018074,"w":0.95706707239151},"size":18.562959671020509,"orthographic":true}