{"cameraMode":{"drawMode":0,"name":"Shaded","section":"Shading Mode"},"sceneLighting":true,"audioPlay":false,"sceneViewState":{"showFog":false,"showMaterialUpdate":false,"showSkybox":false,"showFlares":false,"showImageEffects":false,"showParticleSystems":false},"in2DMode":false,"pivot":{"x":294.976318359375,"y":-19.26617431640625,"z":24.732566833496095},"rotation":{"x":-0.20581166446208955,"y":0.7255878448486328,"z":-0.24515148997306825,"w":-0.6091507077217102},"size":188.88624572753907,"orthographic":false}