{"cameraMode":{"drawMode":0,"name":"Shaded","section":"Shading Mode"},"sceneLighting":true,"audioPlay":false,"sceneViewState":{"showFog":false,"showMaterialUpdate":false,"showSkybox":false,"showFlares":false,"showImageEffects":false,"showParticleSystems":false},"in2DMode":false,"pivot":{"x":249.03436279296876,"y":-62.5518798828125,"z":280.2368469238281},"rotation":{"x":-0.19284385442733766,"y":0.8014228940010071,"z":-0.4502098560333252,"w":-0.3432837426662445},"size":457.8650207519531,"orthographic":false}