{"cameraMode":{"drawMode":0,"name":"Shaded","section":"Shading Mode"},"sceneLighting":true,"audioPlay":false,"sceneViewState":{"showFog":false,"showMaterialUpdate":false,"showSkybox":false,"showFlares":false,"showImageEffects":false,"showParticleSystems":false},"in2DMode":false,"pivot":{"x":2.204500198364258,"y":5.985500335693359,"z":5.479499340057373},"rotation":{"x":0.06521468609571457,"y":0.9101791381835938,"z":-0.15717758238315583,"w":0.3776457607746124},"size":39.41267395019531,"orthographic":true}