{"cameraMode":{"drawMode":0,"name":"Shaded","section":"Shading Mode"},"sceneLighting":true,"audioPlay":false,"sceneViewState":{"showFog":false,"showMaterialUpdate":false,"showSkybox":false,"showFlares":false,"showImageEffects":false,"showParticleSystems":false},"in2DMode":false,"pivot":{"x":-0.10120010375976563,"y":1.1648998260498047,"z":2.861100196838379},"rotation":{"x":0.28947290778160097,"y":0.45816171169281008,"z":-0.16078703105449677,"w":0.8248884081840515},"size":40.010372161865237,"orthographic":true}