{"cameraMode":{"drawMode":0,"name":"Shaded","section":"Shading Mode"},"sceneLighting":true,"audioPlay":false,"sceneViewState":{"showFog":false,"showMaterialUpdate":false,"showSkybox":false,"showFlares":false,"showImageEffects":false,"showParticleSystems":false},"in2DMode":false,"pivot":{"x":0.07958984375,"y":2.693817138671875,"z":-4.9072265625},"rotation":{"x":0.24747037887573243,"y":0.2129770666360855,"z":-0.055860485881567,"w":0.9435458183288574},"size":7.95836877822876,"orthographic":true}