{"cameraMode":{"drawMode":0,"name":"Shaded","section":"Shading Mode"},"sceneLighting":true,"audioPlay":false,"sceneViewState":{"showFog":false,"showMaterialUpdate":false,"showSkybox":false,"showFlares":false,"showImageEffects":false,"showParticleSystems":false},"in2DMode":false,"pivot":{"x":201.9718017578125,"y":-215.60415649414063,"z":233.33673095703126},"rotation":{"x":-0.1646302342414856,"y":0.8300759196281433,"z":-0.42460110783576968,"w":-0.32184576988220217},"size":840.4622802734375,"orthographic":false}