{"cameraMode":{"drawMode":0,"name":"Shaded","section":"Shading Mode"},"sceneLighting":true,"audioPlay":false,"sceneViewState":{"showFog":false,"showMaterialUpdate":false,"showSkybox":false,"showFlares":false,"showImageEffects":false,"showParticleSystems":false},"in2DMode":false,"pivot":{"x":-0.00950002670288086,"y":0.9554998874664307,"z":10.134500503540039},"rotation":{"x":0.20297178626060487,"y":-0.35745272040367129,"z":0.07989494502544403,"w":0.9081006646156311},"size":47.391090393066409,"orthographic":true}