{"cameraMode":{"drawMode":0,"name":"Shaded","section":"Shading Mode"},"sceneLighting":true,"audioPlay":false,"sceneViewState":{"showFog":true,"showMaterialUpdate":false,"showSkybox":true,"showFlares":true,"showImageEffects":true,"showParticleSystems":true},"in2DMode":false,"pivot":{"x":-1.2001953125,"y":2.552001953125,"z":0.8681640625},"rotation":{"x":0.1272091418504715,"y":-0.35177743434906008,"z":0.04831884056329727,"w":0.926140308380127},"size":10.813450813293457,"orthographic":true}