{"cameraMode":{"drawMode":0,"name":"Shaded","section":"Shading Mode"},"sceneLighting":true,"audioPlay":false,"sceneViewState":{"showFog":false,"showMaterialUpdate":false,"showSkybox":false,"showFlares":false,"showImageEffects":false,"showParticleSystems":false},"in2DMode":false,"pivot":{"x":39.316261291503909,"y":40.260780334472659,"z":150.08216857910157},"rotation":{"x":-0.10387638956308365,"y":-0.2238573580980301,"z":0.024002525955438615,"w":-0.9687731862068176},"size":72.01868438720703,"orthographic":false}