{"cameraMode":{"drawMode":0,"name":"Shaded","section":"Shading Mode"},"sceneLighting":true,"audioPlay":false,"sceneViewState":{"showFog":false,"showMaterialUpdate":false,"showSkybox":false,"showFlares":false,"showImageEffects":false,"showParticleSystems":false},"in2DMode":false,"pivot":{"x":1.259246826171875,"y":1.06103515625,"z":2.416015625},"rotation":{"x":0.08872365951538086,"y":0.1591651886701584,"z":-0.01436405535787344,"w":0.9831522107124329},"size":7.775423526763916,"orthographic":true}