{"cameraMode":{"drawMode":0,"name":"Shaded","section":"Shading Mode"},"sceneLighting":true,"audioPlay":false,"sceneViewState":{"showFog":true,"showMaterialUpdate":false,"showSkybox":true,"showFlares":true,"showImageEffects":true,"showParticleSystems":true},"in2DMode":false,"pivot":{"x":0.3271484375,"y":6.5079345703125,"z":-0.660400390625},"rotation":{"x":0.05051448941230774,"y":-0.8105698823928833,"z":0.07069790363311768,"w":0.5791602730751038},"size":5.149021625518799,"orthographic":true}