{"cameraMode":{"drawMode":0,"name":"Shaded","section":"Shading Mode"},"sceneLighting":false,"audioPlay":false,"sceneViewState":{"showFog":true,"showMaterialUpdate":false,"showSkybox":false,"showFlares":true,"showImageEffects":true,"showParticleSystems":true},"in2DMode":false,"pivot":{"x":0.7401866912841797,"y":1.46368408203125,"z":1.656545639038086},"rotation":{"x":-0.2979956865310669,"y":0.4640120565891266,"z":-0.16927745938301087,"w":-0.8168454766273499},"size":22.288122177124025,"orthographic":false}