{"cameraMode":{"drawMode":0,"name":"Shaded","section":"Shading Mode"},"sceneLighting":false,"audioPlay":false,"sceneViewState":{"showFog":true,"showMaterialUpdate":false,"showSkybox":false,"showFlares":true,"showImageEffects":true,"showParticleSystems":true},"in2DMode":false,"pivot":{"x":40.67962646484375,"y":2.4122467041015627,"z":43.392086029052737},"rotation":{"x":-0.1468856930732727,"y":0.8524979948997498,"z":-0.3718508780002594,"w":-0.33674731850624087},"size":4.041658401489258,"orthographic":false}